category_name,category_slug,title,post_slug,source_url,published,author,internal_links,content_chars,relative_path
Accommodation,accommodation,Best Hotel Booking Websites: Which One Should You Use? (Beginner's Guide),best-hotel-booking-websites,https://roamplans.com/best-hotel-booking-websites/,2026-08-01 01:10:00,Adnanahmed,2,47000,accommodation/best-hotel-booking-websites.html
Accommodation,accommodation,Hotel Check-In and Check-Out Guide (Beginner's Guide),hotel-check-in-and-check-out,https://roamplans.com/hotel-check-in-and-check-out/,2026-08-01 11:16:00,Adnanahmed,2,46868,accommodation/hotel-check-in-and-check-out.html
Accommodation,accommodation,Hotel vs Airbnb: Which Is Better for Your Trip? (Beginner's Guide),hotel-vs-airbnb,https://roamplans.com/hotel-vs-airbnb/,2026-07-31 13:02:52,Adnanahmed,1,36263,accommodation/hotel-vs-airbnb.html
Accommodation,accommodation,Hotel vs Hostel: What's the Difference? (Beginner's Guide),hotel-vs-hostel,https://roamplans.com/hotel-vs-hostel/,2026-07-31 16:05:00,Adnanahmed,1,43190,accommodation/hotel-vs-hostel.html
Accommodation,accommodation,How to Book Hotels at the Best Price (Beginner's Guide),how-to-book-hotels-at-the-best-price,https://roamplans.com/how-to-book-hotels-at-the-best-price/,2026-07-31 00:08:00,Adnanahmed,5,85252,accommodation/how-to-book-hotels-at-the-best-price.html
Accommodation,accommodation,How to Choose a Safe Area to Stay (Beginner's Guide),how-to-choose-a-safe-area-to-stay-beginners,https://roamplans.com/how-to-choose-a-safe-area-to-stay-beginners/,2026-08-01 15:19:00,Adnanahmed,1,35708,accommodation/how-to-choose-a-safe-area-to-stay-beginners.html
Accommodation,accommodation,How to Choose the Right Accommodation for Your Trip (Beginner's Guide),how-to-choose-the-right-accommodation-for-your-trip,https://roamplans.com/how-to-choose-the-right-accommodation-for-your-trip/,2026-08-02 13:21:37,Adnanahmed,1,44425,accommodation/how-to-choose-the-right-accommodation-for-your-trip.html
Budget Travel,budget-travel,Cheapest Time of Year to Travel: When You Can Save the Most on Your Trip,cheapest-time-of-year-to-travel,https://roamplans.com/cheapest-time-of-year-to-travel/,2026-07-23 11:47:00,Adnanahmed,2,42721,budget-travel/cheapest-time-of-year-to-travel.html
Budget Travel,budget-travel,Hidden Travel Costs You Should Know Before Your Next Trip,hidden-travel-costs,https://roamplans.com/hidden-travel-costs/,2026-07-24 18:42:00,Adnanahmed,2,45990,budget-travel/hidden-travel-costs.html
Budget Travel,budget-travel,How to Avoid Overspending While Traveling: Practical Tips to Stay on Budget,how-to-avoid-overspending-while-traveling,https://roamplans.com/how-to-avoid-overspending-while-traveling/,2026-07-24 13:54:00,Adnanahmed,2,35934,budget-travel/how-to-avoid-overspending-while-traveling.html
Budget Travel,budget-travel,How to Calculate Your Daily Travel Budget?: A Simple Step-by-Step Guide,how-to-calculate-your-daily-travel-budget,https://roamplans.com/how-to-calculate-your-daily-travel-budget/,2026-07-22 21:38:00,Adnanahmed,2,41908,budget-travel/how-to-calculate-your-daily-travel-budget.html
Budget Travel,budget-travel,How to Create a Travel Budget: Plan Your Trip Expenses Step by Step,how-to-create-a-travel-budget,https://roamplans.com/how-to-create-a-travel-budget/,2026-07-22 15:36:04,Adnanahmed,1,49961,budget-travel/how-to-create-a-travel-budget.html
Budget Travel,budget-travel,How to Save Money Before Traveling?: Simple Ways to Build Your Travel Fund,how-to-save-money-before-traveling,https://roamplans.com/how-to-save-money-before-traveling/,2026-07-23 06:44:00,Adnanahmed,2,36806,budget-travel/how-to-save-money-before-traveling.html
Budget Travel,budget-travel,How to exchange currency safely for travel: Get Better Value,how-to-exchange-currency-safely-for-travel,https://roamplans.com/how-to-exchange-currency-safely-for-travel/,2026-07-19 11:52:00,Adnanahmed,3,44163,budget-travel/how-to-exchange-currency-safely-for-travel.html
Budget Travel,budget-travel,Travel Budget Spreadsheet: A Simple Way to Plan and Track Your Trip Expenses (Beginner's Guide),travel-budget-spreadsheet,https://roamplans.com/travel-budget-spreadsheet/,2026-07-24 11:00:00,Adnanahmed,2,45028,budget-travel/travel-budget-spreadsheet.html
Budget Travel,budget-travel,Why Cheap Travel Plans Fail: When Saving Money Costs More (Beginner's Guide),why-cheap-travel-plans-fail,https://roamplans.com/why-cheap-travel-plans-fail/,2026-07-22 08:58:00,Adnanahmed,2,35964,budget-travel/why-cheap-travel-plans-fail.html
Flights,flights,"Airline Baggage Rules Explained: Carry-On, Checked Bags, and Weight Limits (Beginner's Guide)",airline-baggage-rules-explained,https://roamplans.com/airline-baggage-rules-explained/,2026-07-30 03:29:00,Adnanahmed,1,45870,flights/airline-baggage-rules-explained.html
Flights,flights,Airport Arrival Guide: What to Do Before Your Flight (Beginner's Guide),airport-arrival,https://roamplans.com/airport-arrival/,2026-07-30 11:31:00,Adnanahmed,1,39445,flights/airport-arrival.html
Flights,flights,Best Time to Book Flights: When to Book for Better Prices (Beginner's Guide),best-time-to-book-flights,https://roamplans.com/best-time-to-book-flights/,2026-07-28 01:09:00,Adnanahmed,1,37573,flights/best-time-to-book-flights.html
Flights,flights,"Flight Check-In Guide: Online, Airport, and Mobile Check-In Explained (Beginner's Guide)",flight-check-in-guide,https://roamplans.com/flight-check-in-guide/,2026-07-30 11:27:00,Adnanahmed,1,50098,flights/flight-check-in-guide.html
Flights,flights,How to Find Cheap Flights: Simple Tips to Save Money (Beginner's Guide),how-to-find-cheap-flights,https://roamplans.com/how-to-find-cheap-flights/,2026-07-29 06:23:00,Adnanahmed,1,33684,flights/how-to-find-cheap-flights.html
Flights,flights,Open-Jaw Flights Explained: What They Are and When to Choose Them (Beginner's Guide),open-jaw-flights-explained,https://roamplans.com/open-jaw-flights-explained/,2026-07-30 12:25:02,Adnanahmed,1,43569,flights/open-jaw-flights-explained.html
Flights,flights,Round Trip vs. One-Way Flights: Which Ticket Should You Choose? (Beginner's Guide),round-trip-vs-one-way-flights,https://roamplans.com/round-trip-vs-one-way-flights/,2026-07-29 11:59:00,Adnanahmed,1,43902,flights/round-trip-vs-one-way-flights.html
Flights,flights,Stopover Flights Explained: What They Are and When to Choose Them (Beginner's Guide),stopover-flights-explained,https://roamplans.com/stopover-flights-explained/,2026-07-29 10:21:00,Adnanahmed,1,36505,flights/stopover-flights-explained.html
Packing,packing-guide,Beach Vacation Packing List: What to Pack for a Relaxing Beach Trip (Beginner's Guide),beach-vacation-packing-list,https://roamplans.com/beach-vacation-packing-list/,2026-07-27 15:59:00,Adnanahmed,1,43389,packing-guide/beach-vacation-packing-list.html
Packing,packing-guide,Carry-On Packing List: What to Pack in Your Cabin Bag (Beginner's Guide),carry-on-packing-list,https://roamplans.com/carry-on-packing-list/,2026-07-25 00:51:00,Adnanahmed,1,40280,packing-guide/carry-on-packing-list.html
Packing,packing-guide,Checked Luggage Guide: What to Pack in Your Checked Suitcase (Beginner's Guide),checked-luggage,https://roamplans.com/checked-luggage/,2026-07-25 05:23:00,Adnanahmed,1,34945,packing-guide/checked-luggage.html
Packing,packing-guide,"Packing Cubes: Are They Worth It? Benefits, Drawbacks, and How to Use Them (Beginner's Guide)",packing-cubes,https://roamplans.com/packing-cubes/,2026-07-28 09:13:00,Adnanahmed,1,36758,packing-guide/packing-cubes.html
Packing,packing-guide,Packing Mistakes to Avoid: 15 Common Travel Packing Errors (Beginner's Guide),packing-mistakes-to-avoid,https://roamplans.com/packing-mistakes-to-avoid/,2026-07-28 02:10:00,Adnanahmed,1,34396,packing-guide/packing-mistakes-to-avoid.html
Packing,packing-guide,Travel Electronics Packing Guide: What Tech to Bring on Your Trip (Beginner's Guide),travel-electronics-packing-guide,https://roamplans.com/travel-electronics-packing-guide/,2026-07-26 22:57:00,Adnanahmed,1,38503,packing-guide/travel-electronics-packing-guide.html
Packing,packing-guide,Travel First Aid Kit: Essential Medical Supplies for Any Trip (Beginner's Guide),travel-first-aid-kit,https://roamplans.com/travel-first-aid-kit/,2026-07-26 03:58:00,Adnanahmed,1,44617,packing-guide/travel-first-aid-kit.html
Packing,packing-guide,Travel Luggage Guide: How to Choose the Right Bag for Any Trip (Beginner's Guide),travel-luggage-guide,https://roamplans.com/travel-luggage-guide/,2026-07-25 19:53:03,Adnanahmed,1,46734,packing-guide/travel-luggage-guide.html
Packing,packing-guide,Travel Toiletries Checklist: What Personal Care Items to Pack for Any Trip (Beginner's Guide),travel-toiletries-checklist,https://roamplans.com/travel-toiletries-checklist/,2026-07-26 14:55:00,Adnanahmed,1,45180,packing-guide/travel-toiletries-checklist.html
Packing,packing-guide,Winter Vacation Packing List: What to Pack for Cold Weather Trips (Beginner's Guide),winter-vacation-packing-list,https://roamplans.com/winter-vacation-packing-list/,2026-07-28 18:10:20,Adnanahmed,1,38200,packing-guide/winter-vacation-packing-list.html
Transportation,transportation,"Car Rental Guide for Travelers: Booking, Insurance, Fuel, and Fees",car-rental-guide-for-travelers,https://roamplans.com/car-rental-guide-for-travelers/,2026-08-04 22:03:00,Adnanahmed,1,132023,transportation/car-rental-guide-for-travelers.html
Transportation,transportation,Complete Bus Travel Guide for Travelers,complete-bus-travel,https://roamplans.com/complete-bus-travel/,2026-08-04 13:38:00,Adnanahmed,1,98109,transportation/complete-bus-travel.html
Transportation,transportation,Complete Train Travel Guide for Beginners,complete-train-travel,https://roamplans.com/complete-train-travel/,2026-08-03 17:27:00,Adnanahmed,1,107979,transportation/complete-train-travel.html
Transportation,transportation,How to Choose the Best Transportation for Your Trip?,how-to-choose-the-best-transportation-for-your-trip,https://roamplans.com/how-to-choose-the-best-transportation-for-your-trip/,2026-08-03 14:54:46,Adnanahmed,1,104283,transportation/how-to-choose-the-best-transportation-for-your-trip.html
Transportation,transportation,How to Use Public Transportation Abroad: A Beginner’s Guide,how-to-use-public-transportation-abroad,https://roamplans.com/how-to-use-public-transportation-abroad/,2026-08-04 04:06:00,Adnanahmed,1,110806,transportation/how-to-use-public-transportation-abroad.html
Transportation,transportation,"International Driving Guide: Licenses, Rules, Insurance, and Safety",international-driving-guide,https://roamplans.com/international-driving-guide/,2026-08-06 14:21:00,Adnanahmed,1,128073,transportation/international-driving-guide.html
Transportation,transportation,Public Transportation vs Rental Car: Which Is Better for Your Trip?,public-transportation-vs-rental-car,https://roamplans.com/public-transportation-vs-rental-car/,2026-08-03 03:13:00,Adnanahmed,1,97454,transportation/public-transportation-vs-rental-car.html
Transportation,transportation,Taxi vs Uber vs Local Ride Apps: Which Should You Use Abroad?,taxi-vs-uber-vs-local-ride-apps,https://roamplans.com/taxi-vs-uber-vs-local-ride-apps/,2026-08-05 14:11:00,Adnanahmed,1,117720,transportation/taxi-vs-uber-vs-local-ride-apps.html
Transportation,transportation,Transportation Mistakes Travelers Should Avoid: A Beginner’s Guide,transportation-mistakes-travelers-should-avoid,https://roamplans.com/transportation-mistakes-travelers-should-avoid/,2026-08-06 21:32:00,Adnanahmed,1,130923,transportation/transportation-mistakes-travelers-should-avoid.html
Travel Documents,travel-documents,Beginner's Guide to Travel Visas,travel-visas,https://roamplans.com/travel-visas/,2026-08-07 10:11:00,Adnanahmed,1,108574,travel-documents/travel-visas.html
Travel Documents,travel-documents,Common Travel Document Mistakes to Avoid Before an International Trip,common-travel-document-mistakes,https://roamplans.com/common-travel-document-mistakes/,2026-08-12 13:38:00,Adnanahmed,1,120497,travel-documents/common-travel-document-mistakes.html
Travel Documents,travel-documents,Customs and Immigration Explained for International Travelers,customs-and-immigration,https://roamplans.com/customs-and-immigration/,2026-08-08 12:25:25,Adnanahmed,1,90923,travel-documents/customs-and-immigration.html
Travel Documents,travel-documents,How to Renew Your Passport Before International Travel?,how-to-renew-your-passport-before-international-travel,https://roamplans.com/how-to-renew-your-passport-before-international-travel/,2026-08-07 18:08:00,Adnanahmed,1,74704,travel-documents/how-to-renew-your-passport-before-international-travel.html
Travel Documents,travel-documents,How to Store Travel Documents Safely While Traveling?,how-to-store-travel-documents-safely-while-traveling,https://roamplans.com/how-to-store-travel-documents-safely-while-traveling/,2026-08-10 00:35:00,Adnanahmed,1,114547,travel-documents/how-to-store-travel-documents-safely-while-traveling.html
Travel Documents,travel-documents,International Driving Permit Guide: Do You Need an IDP Abroad?,international-driving-permit,https://roamplans.com/international-driving-permit/,2026-08-09 12:29:54,Adnanahmed,1,101122,travel-documents/international-driving-permit.html
Travel Documents,travel-documents,Passport Requirements for International Travel,passport-requirements-for-international-travel,https://roamplans.com/passport-requirements-for-international-travel/,2026-08-07 22:05:36,Adnanahmed,1,73123,travel-documents/passport-requirements-for-international-travel.html
Travel Documents,travel-documents,Travel Vaccination Documents and Entry Requirements,travel-vaccination-documents-and-entry-requirements,https://roamplans.com/travel-vaccination-documents-and-entry-requirements/,2026-08-09 00:32:00,Adnanahmed,1,100455,travel-documents/travel-vaccination-documents-and-entry-requirements.html
Travel Documents,travel-documents,Visa-Free vs Visa on Arrival: What's the Difference?,visa-free-vs-visa-on-arrival,https://roamplans.com/visa-free-vs-visa-on-arrival/,2026-08-08 10:16:00,Adnanahmed,0,105027,travel-documents/visa-free-vs-visa-on-arrival.html
Travel Insurance,travel-insurance,Adventure Travel Insurance: What Activities Are Covered?,adventure-travel-insurance,https://roamplans.com/adventure-travel-insurance/,2026-08-15 20:44:00,Adnanahmed,1,170669,travel-insurance/adventure-travel-insurance.html
Travel Insurance,travel-insurance,Do You Really Need Travel Insurance?,you-really-need-travel-insurance,https://roamplans.com/you-really-need-travel-insurance/,2026-08-13 19:25:53,Adnanahmed,1,155245,travel-insurance/you-really-need-travel-insurance.html
Travel Insurance,travel-insurance,Family Travel Insurance Guide: Coverage for Parents and Children,family-travel-insurance-guide,https://roamplans.com/family-travel-insurance-guide/,2026-08-15 12:52:00,Adnanahmed,1,155494,travel-insurance/family-travel-insurance-guide.html
Travel Insurance,travel-insurance,How to Choose the Best Travel Insurance for Your Trip,best-travel-insurance-for-your-trip,https://roamplans.com/best-travel-insurance-for-your-trip/,2026-08-16 21:12:06,Adnanahmed,1,141140,travel-insurance/best-travel-insurance-for-your-trip.html
Travel Insurance,travel-insurance,How to Make a Travel Insurance Claim: Step-by-Step Guide,how-to-make-a-travel-insurance-claim,https://roamplans.com/how-to-make-a-travel-insurance-claim/,2026-08-15 06:55:00,Adnanahmed,1,145758,travel-insurance/how-to-make-a-travel-insurance-claim.html
Travel Insurance,travel-insurance,Travel Insurance Mistakes to Avoid Before and During Your Trip,travel-insurance-mistakes-to-avoid-before-and-during-your-trip,https://roamplans.com/travel-insurance-mistakes-to-avoid-before-and-during-your-trip/,2026-08-16 02:18:00,Adnanahmed,1,154969,travel-insurance/travel-insurance-mistakes-to-avoid-before-and-during-your-trip.html
Travel Insurance,travel-insurance,Travel Medical Insurance Guide for International Travelers,travel-medical-insurance-guide,https://roamplans.com/travel-medical-insurance-guide/,2026-08-14 06:21:00,Adnanahmed,1,143164,travel-insurance/travel-medical-insurance-guide.html
Travel Insurance,travel-insurance,Trip Cancellation Insurance Guide: What Is Covered and What Is Not?,trip-cancellation-insurance-guide,https://roamplans.com/trip-cancellation-insurance-guide/,2026-08-14 20:32:51,Adnanahmed,1,144885,travel-insurance/trip-cancellation-insurance-guide.html
Travel Insurance,travel-insurance,What Does Travel Insurance Cover — and What Does It Not Cover?,what-does-travel-insurance-cover,https://roamplans.com/what-does-travel-insurance-cover/,2026-08-13 08:11:00,Adnanahmed,0,138949,travel-insurance/what-does-travel-insurance-cover.html
Travel Planning,travel-planning,Cross-Border Travel Planning Guide: Everything You Need Before Crossing Borders,cross-border-travel-planning-guide,https://roamplans.com/cross-border-travel-planning-guide/,2026-07-21 04:04:00,Adnanahmed,1,54982,travel-planning/cross-border-travel-planning-guide.html
Travel Planning,travel-planning,Domestic vs International Trip Planning: Key Differences Every Traveler Should Know,domestic-vs-international-trip-planning,https://roamplans.com/domestic-vs-international-trip-planning/,2026-07-20 15:10:34,Adnanahmed,3,64403,travel-planning/domestic-vs-international-trip-planning.html
Travel Planning,travel-planning,How Many Days Should Your Trip Be? A Complete Guide to Choosing the Right Trip Length,how-many-days-should-your-trip-be,https://roamplans.com/how-many-days-should-your-trip-be/,2026-07-19 11:43:00,Adnanahmed,2,61037,travel-planning/how-many-days-should-your-trip-be.html
Travel Planning,travel-planning,"How to Choose a Travel Destination That Fits Your Budget, Time, and Travel Style?",how-to-choose-a-travel-destination,https://roamplans.com/how-to-choose-a-travel-destination/,2026-07-18 07:19:00,Adnanahmed,4,59638,travel-planning/how-to-choose-a-travel-destination.html
Travel Planning,travel-planning,How to Create a Personalized Travel Itinerary: That Matches Your Travel Style?,how-to-create-a-personalized-travel-itinerary,https://roamplans.com/how-to-create-a-personalized-travel-itinerary/,2026-07-21 03:22:00,Adnanahmed,2,53013,travel-planning/how-to-create-a-personalized-travel-itinerary.html
Travel Planning,travel-planning,How to Plan Your First Trip: A Beginner's Step-by-Step Guide,how-to-plan-your-first-trip,https://roamplans.com/how-to-plan-your-first-trip/,2026-07-16 20:52:15,Adnanahmed,2,59150,travel-planning/how-to-plan-your-first-trip.html
Travel Planning,travel-planning,How to Plan a Multi-City Trip: A Step-by-Step Guide for Stress-Free Travel,how-to-plan-a-multi-city-trip,https://roamplans.com/how-to-plan-a-multi-city-trip/,2026-07-21 14:04:00,Adnanahmed,2,58823,travel-planning/how-to-plan-a-multi-city-trip.html
Travel Planning,travel-planning,How to Research a Destination Before You Go: A Complete Pre-Trip Research Guide,how-to-research-a-destination-before-you-go,https://roamplans.com/how-to-research-a-destination-before-you-go/,2026-07-19 20:59:46,Adnanahmed,1,58679,travel-planning/how-to-research-a-destination-before-you-go.html
Travel Planning,travel-planning,Step-by-Step Trip Planning Process: Plan Your Trip from Start to Finish,step-by-step-trip-planning-process,https://roamplans.com/step-by-step-trip-planning-process/,2026-07-17 01:33:00,Adnanahmed,5,95564,travel-planning/step-by-step-trip-planning-process.html
Travel Planning,travel-planning,"Travel Planning Checklist: Everything to Do Before, During, and After Your Trip",travel-planning-checklist,https://roamplans.com/travel-planning-checklist/,2026-07-18 13:53:00,Adnanahmed,9,115306,travel-planning/travel-planning-checklist.html
Travel Planning,travel-planning,"Travel Planning Timeline: What to Do 12 Months, 6 Months, 3 Months, 1 Month, and 1 Week Before Your Trip",travel-planning-timeline,https://roamplans.com/travel-planning-timeline/,2026-07-17 21:02:00,Adnanahmed,4,64441,travel-planning/travel-planning-timeline.html
Travel Planning,travel-planning,What to Book First When Planning a Trip: The Best Booking Order Explained,what-to-book-first-when-planning-a-trip,https://roamplans.com/what-to-book-first-when-planning-a-trip/,2026-07-20 03:03:00,Adnanahmed,2,49077,travel-planning/what-to-book-first-when-planning-a-trip.html
Travel Safety,travel-safety,Common Tourist Scams and How to Avoid Them?,common-tourist-scams,https://roamplans.com/common-tourist-scams/,2026-08-17 02:51:00,Adnanahmed,2,93331,travel-safety/common-tourist-scams.html
Travel Safety,travel-safety,Female Solo Travel Safety Guide,female-solo-travel-safety,https://roamplans.com/female-solo-travel-safety/,2026-08-17 20:35:00,Adnanahmed,7,94137,travel-safety/female-solo-travel-safety.html
Travel Safety,travel-safety,Food and Water Safety While Traveling,food-and-water-safety-while-traveling,https://roamplans.com/food-and-water-safety-while-traveling/,2026-08-18 22:11:00,Adnanahmed,1,86829,travel-safety/food-and-water-safety-while-traveling.html
Travel Safety,travel-safety,How to Build a Travel Emergency Plan Before You Leave,build-a-travel-emergency-plan-before-you-leave,https://roamplans.com/build-a-travel-emergency-plan-before-you-leave/,2026-08-18 12:04:00,Adnanahmed,3,107365,travel-safety/build-a-travel-emergency-plan-before-you-leave.html
Travel Safety,travel-safety,How to Check If a Destination Is Safe Before You Travel,how-to-check-if-a-destination-is-safe-before-you-travel,https://roamplans.com/how-to-check-if-a-destination-is-safe-before-you-travel/,2026-08-18 04:41:00,Adnanahmed,4,108751,travel-safety/how-to-check-if-a-destination-is-safe-before-you-travel.html
Travel Safety,travel-safety,How to Stay Healthy During Long Trips,stay-healthy-during-long-trips,https://roamplans.com/stay-healthy-during-long-trips/,2026-08-19 14:31:00,Adnanahmed,2,99327,travel-safety/stay-healthy-during-long-trips.html
Travel Safety,travel-safety,Solo Travel Safety Tips for Beginners,solo-travel-safety-tips,https://roamplans.com/solo-travel-safety-tips/,2026-08-17 13:11:00,Adnanahmed,8,85867,travel-safety/solo-travel-safety-tips.html
Travel Safety,travel-safety,Travel Safety Mistakes Beginners Should Avoid,travel-safety-mistakes,https://roamplans.com/travel-safety-mistakes/,2026-08-18 11:51:00,Adnanahmed,8,143989,travel-safety/travel-safety-mistakes.html
Travel Safety,travel-safety,What to Do If You’re Robbed or Your Valuables Are Stolen Abroad,what-to-do-if-youre-robbed-or-your-valuables-are-stolen-abroad,https://roamplans.com/what-to-do-if-youre-robbed-or-your-valuables-are-stolen-abroad/,2026-08-17 06:56:00,Adnanahmed,3,103411,travel-safety/what-to-do-if-youre-robbed-or-your-valuables-are-stolen-abroad.html
Travel Styles,travel-styles,Couples Travel Guide: How to Plan a Trip Together?,couples-travel-guide,https://roamplans.com/couples-travel-guide/,2026-08-21 16:23:00,Adnanahmed,1,43206,travel-styles/couples-travel-guide.html
Travel Styles,travel-styles,Digital Nomad Travel Guide for Beginners,digital-nomad-travel-guide,https://roamplans.com/digital-nomad-travel-guide/,2026-08-22 22:41:00,Adnanahmed,1,61676,travel-styles/digital-nomad-travel-guide.html
Travel Styles,travel-styles,Family Travel Guide for Beginners: How to Plan a Smooth Trip With Kids,family-travel-guide,https://roamplans.com/family-travel-guide/,2026-08-21 22:29:41,Adnanahmed,1,46299,travel-styles/family-travel-guide.html
Travel Styles,travel-styles,Group Travel Guide: How to Plan a Trip With Friends,how-to-plan-a-trip-with-friends,https://roamplans.com/how-to-plan-a-trip-with-friends/,2026-08-21 03:07:00,Adnanahmed,1,51114,travel-styles/how-to-plan-a-trip-with-friends.html
Travel Styles,travel-styles,Luxury Travel Guide: How to Plan a Premium Trip?,how-to-plan-a-premium-trip,https://roamplans.com/how-to-plan-a-premium-trip/,2026-08-22 12:20:00,Adnanahmed,1,49677,travel-styles/how-to-plan-a-premium-trip.html
Travel Styles,travel-styles,Slow Travel Guide: How to Travel at a Relaxed Pace?,how-to-travel-at-a-relaxed-pace,https://roamplans.com/how-to-travel-at-a-relaxed-pace/,2026-08-22 19:26:00,Adnanahmed,1,49815,travel-styles/how-to-travel-at-a-relaxed-pace.html
Travel Styles,travel-styles,Solo Travel Guide for Beginners: How to Plan Your First Trip Alone,solo-travel-guide,https://roamplans.com/solo-travel-guide/,2026-08-21 11:14:00,Adnanahmed,1,46303,travel-styles/solo-travel-guide.html
Travel Styles,travel-styles,Sustainable Travel Guide: How to Travel More Responsibly?,how-to-travel-more-responsibly,https://roamplans.com/how-to-travel-more-responsibly/,2026-08-22 01:33:00,Adnanahmed,1,57177,travel-styles/how-to-travel-more-responsibly.html
Travel Technology,travel-technology,Best AI Travel Planning Tools,best-ai-travel-planning-tools,https://roamplans.com/best-ai-travel-planning-tools/,2026-08-20 13:48:00,Adnanahmed,3,126962,travel-technology/best-ai-travel-planning-tools.html
Travel Technology,travel-technology,Best Navigation Apps for Travelers,best-navigation-apps-for-travelers,https://roamplans.com/best-navigation-apps-for-travelers/,2026-08-19 03:05:00,Adnanahmed,4,108928,travel-technology/best-navigation-apps-for-travelers.html
Travel Technology,travel-technology,Best Translation Apps for International Travel,best-translation-apps,https://roamplans.com/best-translation-apps/,2026-08-20 19:55:06,Adnanahmed,3,113575,travel-technology/best-translation-apps.html
Travel Technology,travel-technology,Best Travel Planning Apps for Organizing Your Trip,best-travel-planning-apps-for-organizing-your-trip,https://roamplans.com/best-travel-planning-apps-for-organizing-your-trip/,2026-08-19 21:51:00,Adnanahmed,3,108947,travel-technology/best-travel-planning-apps-for-organizing-your-trip.html
Travel Technology,travel-technology,Best VPNs for Travelers: When You Need One and What to Look For,best-vpns-for-travelers,https://roamplans.com/best-vpns-for-travelers/,2026-08-19 07:44:00,Adnanahmed,3,128330,travel-technology/best-vpns-for-travelers.html
Travel Technology,travel-technology,Essential Travel Gadgets for International Travel,essential-travel-gadgets,https://roamplans.com/essential-travel-gadgets/,2026-08-20 01:29:00,Adnanahmed,2,115139,travel-technology/essential-travel-gadgets.html
Travel Technology,travel-technology,How to Prepare Your Phone for International Travel?,prepare-your-phone-for-international-travel,https://roamplans.com/prepare-your-phone-for-international-travel/,2026-08-20 05:35:00,Adnanahmed,6,125450,travel-technology/prepare-your-phone-for-international-travel.html
Travel Technology,travel-technology,eSIM vs Physical SIM for International Travel,esim-vs-physical-sim-for-international-travel,https://roamplans.com/esim-vs-physical-sim-for-international-travel/,2026-08-19 07:14:00,Adnanahmed,2,104815,travel-technology/esim-vs-physical-sim-for-international-travel.html
